{
  "classification_report": {
    "CUL": {
      "precision": 0.7580299785867237,
      "recall": 0.8762376237623762,
      "f1-score": 0.8128587830080367,
      "support": 404.0
    },
    "FIN": {
      "precision": 0.7998590556730092,
      "recall": 0.7536520584329349,
      "f1-score": 0.7760683760683761,
      "support": 1506.0
    },
    "POL": {
      "precision": 0.7954285714285714,
      "recall": 0.8635235732009926,
      "f1-score": 0.828078524687686,
      "support": 1612.0
    },
    "SCI": {
      "precision": 0.7693693693693694,
      "recall": 0.829126213592233,
      "f1-score": 0.7981308411214953,
      "support": 515.0
    },
    "SPO": {
      "precision": 0.9660056657223796,
      "recall": 0.9614661654135338,
      "f1-score": 0.9637305699481865,
      "support": 1064.0
    },
    "TEC": {
      "precision": 0.7818991097922848,
      "recall": 0.6403402187120292,
      "f1-score": 0.7040748162992652,
      "support": 823.0
    },
    "accuracy": 0.8200540175557056,
    "macro avg": {
      "precision": 0.8117652917620565,
      "recall": 0.82072430885235,
      "f1-score": 0.8138236518555075,
      "support": 5924.0
    },
    "weighted avg": {
      "precision": 0.8204964428170717,
      "recall": 0.8200540175557056,
      "f1-score": 0.8183519223341503,
      "support": 5924.0
    }
  },
  "confusion_matrix": [
    [
      354,
      11,
      22,
      7,
      7,
      3
    ],
    [
      36,
      1135,
      262,
      11,
      8,
      54
    ],
    [
      38,
      147,
      1392,
      10,
      8,
      17
    ],
    [
      5,
      8,
      8,
      427,
      5,
      62
    ],
    [
      14,
      4,
      10,
      2,
      1023,
      11
    ],
    [
      20,
      114,
      56,
      98,
      8,
      527
    ]
  ],
  "latency_ms": 5.895130000062636,
  "trainable_params": 19350278,
  "total_params": 19350278,
  "trainable_pct": 100.0
}