{
  "classification_report": {
    "CUL": {
      "precision": 0.8631090487238979,
      "recall": 0.9207920792079208,
      "f1-score": 0.8910179640718563,
      "support": 404.0
    },
    "FIN": {
      "precision": 0.7895408163265306,
      "recall": 0.8220451527224436,
      "f1-score": 0.8054651919323357,
      "support": 1506.0
    },
    "POL": {
      "precision": 0.8506787330316742,
      "recall": 0.8163771712158809,
      "f1-score": 0.8331750553972777,
      "support": 1612.0
    },
    "SCI": {
      "precision": 0.8953271028037383,
      "recall": 0.9300970873786408,
      "f1-score": 0.9123809523809524,
      "support": 515.0
    },
    "SPO": {
      "precision": 0.9914529914529915,
      "recall": 0.981203007518797,
      "f1-score": 0.9863013698630136,
      "support": 1064.0
    },
    "TEC": {
      "precision": 0.889873417721519,
      "recall": 0.8541919805589308,
      "f1-score": 0.8716676999380037,
      "support": 823.0
    },
    "accuracy": 0.8696826468602296,
    "macro avg": {
      "precision": 0.8799970183433921,
      "recall": 0.8874510797671022,
      "f1-score": 0.8833347055972399,
      "support": 5924.0
    },
    "weighted avg": {
      "precision": 0.8705948525243058,
      "recall": 0.8696826468602296,
      "f1-score": 0.8698115109545836,
      "support": 5924.0
    }
  },
  "confusion_matrix": [
    [
      372,
      8,
      11,
      6,
      1,
      6
    ],
    [
      27,
      1238,
      188,
      5,
      2,
      46
    ],
    [
      22,
      251,
      1316,
      5,
      5,
      13
    ],
    [
      5,
      8,
      4,
      479,
      0,
      19
    ],
    [
      2,
      5,
      9,
      1,
      1044,
      3
    ],
    [
      3,
      58,
      19,
      39,
      1,
      703
    ]
  ],
  "latency_ms": 22.251400839886628,
  "trainable_params": 115067142,
  "total_params": 115067142,
  "trainable_pct": 100.0
}