{
  "classification_report": {
    "CUL": {
      "precision": 0.8393285371702638,
      "recall": 0.8663366336633663,
      "f1-score": 0.8526187576126675,
      "support": 404.0
    },
    "FIN": {
      "precision": 0.8025016458196181,
      "recall": 0.8094289508632138,
      "f1-score": 0.8059504132231405,
      "support": 1506.0
    },
    "POL": {
      "precision": 0.8427947598253275,
      "recall": 0.8380893300248139,
      "f1-score": 0.8404354587869363,
      "support": 1612.0
    },
    "SCI": {
      "precision": 0.8595194085027726,
      "recall": 0.9029126213592233,
      "f1-score": 0.8806818181818182,
      "support": 515.0
    },
    "SPO": {
      "precision": 0.9838403041825095,
      "recall": 0.9727443609022557,
      "f1-score": 0.9782608695652174,
      "support": 1064.0
    },
    "TEC": {
      "precision": 0.8434343434343434,
      "recall": 0.8116646415552855,
      "f1-score": 0.8272445820433436,
      "support": 823.0
    },
    "accuracy": 0.8588791357191087,
    "macro avg": {
      "precision": 0.8619031664891392,
      "recall": 0.8668627563946932,
      "f1-score": 0.8641986499021873,
      "support": 5924.0
    },
    "weighted avg": {
      "precision": 0.8591908177135621,
      "recall": 0.8588791357191087,
      "f1-score": 0.8589203667381513,
      "support": 5924.0
    }
  },
  "confusion_matrix": [
    [
      350,
      11,
      24,
      9,
      3,
      7
    ],
    [
      26,
      1219,
      189,
      11,
      5,
      56
    ],
    [
      24,
      206,
      1351,
      5,
      5,
      21
    ],
    [
      4,
      10,
      4,
      465,
      1,
      31
    ],
    [
      6,
      5,
      7,
      2,
      1035,
      9
    ],
    [
      7,
      68,
      28,
      49,
      3,
      668
    ]
  ],
  "latency_ms": 5.759262499632314,
  "trainable_params": 19350278,
  "total_params": 19350278,
  "trainable_pct": 100.0
}