{
  "classification_report": {
    "CUL": {
      "precision": 0.7687224669603524,
      "recall": 0.8638613861386139,
      "f1-score": 0.8135198135198135,
      "support": 404.0
    },
    "FIN": {
      "precision": 0.7749029754204398,
      "recall": 0.795484727755644,
      "f1-score": 0.7850589777195282,
      "support": 1506.0
    },
    "POL": {
      "precision": 0.8409669211195929,
      "recall": 0.8200992555831266,
      "f1-score": 0.8304020100502513,
      "support": 1612.0
    },
    "SCI": {
      "precision": 0.7486818980667839,
      "recall": 0.8271844660194175,
      "f1-score": 0.7859778597785978,
      "support": 515.0
    },
    "SPO": {
      "precision": 0.9634489222118088,
      "recall": 0.9661654135338346,
      "f1-score": 0.9648052557484749,
      "support": 1064.0
    },
    "TEC": {
      "precision": 0.7611731843575419,
      "recall": 0.6622114216281896,
      "f1-score": 0.7082521117608837,
      "support": 823.0
    },
    "accuracy": 0.8217420661715057,
    "macro avg": {
      "precision": 0.80964939468942,
      "recall": 0.822501111776471,
      "f1-score": 0.8146693380962583,
      "support": 5924.0
    },
    "weighted avg": {
      "precision": 0.822135853467921,
      "recall": 0.8217420661715057,
      "f1-score": 0.8210316919632312,
      "support": 5924.0
    }
  },
  "confusion_matrix": [
    [
      349,
      15,
      20,
      9,
      8,
      3
    ],
    [
      30,
      1198,
      185,
      10,
      9,
      74
    ],
    [
      37,
      212,
      1322,
      12,
      9,
      20
    ],
    [
      7,
      10,
      4,
      426,
      6,
      62
    ],
    [
      8,
      4,
      6,
      6,
      1028,
      12
    ],
    [
      23,
      107,
      35,
      106,
      7,
      545
    ]
  ],
  "latency_ms": 5.719440819812007,
  "trainable_params": 99846,
  "total_params": 19450124,
  "trainable_pct": 0.51
}