{
  "classification_report": {
    "CUL": {
      "precision": 0.8225806451612904,
      "recall": 0.8836633663366337,
      "f1-score": 0.8520286396181385,
      "support": 404.0
    },
    "FIN": {
      "precision": 0.8058631921824104,
      "recall": 0.8213811420982736,
      "f1-score": 0.8135481749424531,
      "support": 1506.0
    },
    "POL": {
      "precision": 0.8583441138421734,
      "recall": 0.8232009925558312,
      "f1-score": 0.8404053198226725,
      "support": 1612.0
    },
    "SCI": {
      "precision": 0.876953125,
      "recall": 0.8718446601941747,
      "f1-score": 0.8743914313534566,
      "support": 515.0
    },
    "SPO": {
      "precision": 0.9876308277830638,
      "recall": 0.9755639097744361,
      "f1-score": 0.9815602836879432,
      "support": 1064.0
    },
    "TEC": {
      "precision": 0.8096926713947991,
      "recall": 0.8323207776427703,
      "f1-score": 0.8208508088675854,
      "support": 823.0
    },
    "accuracy": 0.8597231600270088,
    "macro avg": {
      "precision": 0.8601774292272896,
      "recall": 0.8679958081003534,
      "f1-score": 0.8637974430487082,
      "support": 5924.0
    },
    "weighted avg": {
      "precision": 0.8606432120660963,
      "recall": 0.8597231600270088,
      "f1-score": 0.8599609119028081,
      "support": 5924.0
    }
  },
  "confusion_matrix": [
    [
      357,
      8,
      18,
      6,
      3,
      12
    ],
    [
      27,
      1237,
      165,
      7,
      3,
      67
    ],
    [
      34,
      214,
      1327,
      6,
      4,
      27
    ],
    [
      5,
      8,
      3,
      449,
      1,
      49
    ],
    [
      4,
      5,
      9,
      2,
      1038,
      6
    ],
    [
      7,
      63,
      24,
      42,
      2,
      685
    ]
  ],
  "latency_ms": 28.03017832000478,
  "trainable_params": 299526,
  "total_params": 115366668,
  "trainable_pct": 0.26
}